<?xml version="1.0" encoding="iso-8859-1" ?>
<rss version="2.0">
  <channel>
    <item>
      <title>Reuters - Top News</title>
      <link>http://feeds.reuters.com/reuters/topNews</link>
    </item>
    <item>
      <title>BBC - Home Page</title>
      <link>http://feeds.bbci.co.uk/news/rss.xml</link>
    </item>
    <item>
      <title>The Economist - United States</title>
      <link>http://www.economist.com/sections/united-states/rss.xml</link>
    </item>
  </channel>
</rss>
